mm,yamethin
br,buique
in,nagireddipalle
gb,stuartfield
ee,loksa
mk,krivogastani
it,oria
es,teror
ph,imelda
in,kunda
cz,hulin
in,fatehabad
nc,poindimie
mk,plasnica
cd,bunia
ca,arnprior
ph,eguia
gb,kingsteignton
is,blonduos
bj,allada
mx,buctzotz
br,sao cristovao
be,sint-lievens-houtem
jo,wadi musa
ci,akoupe
il,kafar manda
lu,lorentzweiler
cv,mindelo
hu,labatlan
fr,sannois
ki,bairiki
ki,buariki
ph,ponong
ph,carmelo
cz,rokycany
cn,wenling
hu,sarvar
lu,bech
mx,tierranueva
am,yeghegnut
ph,malabanan
pe,santiago de chuco
de,groditz
gr,ipsos
mq,ducos
ph,basiawan
ph,tigum
nl,sint anthonis
fr,joinville-le-pont
gb,kinghorn
it,noicattaro
ph,sulat
cl,llaillay
jp,ako
hn,paptalaya
in,krishnanagar
ca,norman wells
pa,veracruz
pa,tocumen
br,oriximina
in,banka
ph,sumabnit
ph,san enrique
mx,petapa
ph,maigo
co,campo de la cruz
nl,veghel
ph,sulangan
ph,san luis
fr,saint-die
dk,hojslev
pt,gandra
gr,mouzouras
cz,lanskroun
ph,san roque
de,zerbst
ph,dicamay
it,pietra ligure
ph,laguitas
ph,gammad
br,paracuru
br,aracoiaba
co,sachica
gb,overtown
co,macanal
id,jaten
in,mandsaur
in,idar
hn,sensenti
gb,dumbarton
gr,akrolimni
cn,jimo
de,steinheim
de,uberherrn
bf,boulsa
li,mauren
pk,chak
gb,liverpool
hn,tornabe
co,morales
de,geldern
ca,cap-chat
ee,orissaare
de,mullheim
mm,thongwa
de,konigs wusterhausen
pt,santa cruz
co,anserma
gy,lethem
mx,ecatzingo
cn,ruian
pt,almancil
in,joshimath
es,padron
ph,bariw
cd,goma
ph,calapi
ph,davila
pk,paharpur
br,andradas
bd,sarankhola
mx,manzanillo
ph,tabuelan
cn,yatou
ph,biga
gr,domvraina
de,hamminkeln
au,raymond terrace
ke,malakisi
ph,semirara
az,agdas
ph,san manuel
ph,jalaud
ba,bosanski samac
ph,san miguel
nl,boxmeer
de,wadersloh
in,serula
lv,ikskile
in,dharur
gr,examilia
hu,rajka
br,feira nova
in,wai
gr,viron
de,hemsbach
in,queula
fr,saint-herblain
ph,san miguel
jp,edosaki
de,melle
hn,san jeronimo
at,deutschlandsberg
jp,omigawa
hu,danszentmiklos
de,gardelegen
br,leme
pl,zamosc
ph,awallan
cr,pital
ph,polo
id,mojokerto
mx,san buenaventura
hu,asvanyraro
pt,alenquer
mx,ocotitlan
de,zwiesel
es,san bartolome de tirajana
pl,jaroslaw
au,karratha
ph,gimangpang
ci,seguela
in,arcot
ph,hapao
ph,baybayin
cn,binzhou
mx,venustiano carranza
br,monte mor
pl,leszno
in,vaijapur
pt,chaves
fr,lannion
cn,altay
au,morayfield
ph,bagumbayan
ba,ostrozac
in,mundargi
ph,san salvador
it,paullo
dk,rodby
br,igarapava
jp,sayama
ph,amadeo
ph,guisguis
id,sembakung
in,rajkot
ie,mountmellick
jp,tawaramoto
in,pandoh
it,leghorn
ph,agbannawag
in,alandi
ph,bugo
do,dajabon
dk,kjellerup
in,machilipatnam
nz,tolaga bay
al,perrenjas
pe,ayacucho
co,gutierrez
br,russas
pa,finca blanco
fr,vallauris
cn,lasa
es,santa comba
ph,mabay
de,sassenberg
ph,himaao
et,himora
ca,victoriaville
ph,pangobilian
fr,la madeleine
dk,skorping
it,bovolone
ph,concordia
be,lint
it,fermo
gt,malacatan
cr,san ignacio
nl,helden
al,kurbnesh
dk,norre alslev
de,reiskirchen
co,sasaima
ie,kinsale
ir,khormuj
br,cachoeirinha
pf,tevaitoa
ee,tori
do,pedernales
cn,zhicheng
ca,enderby
it,cerro maggiore
gh,suhum
cv,porto novo
pk,dunga bunga
id,bangil
cn,mudu
es,paterna
gr,souflion
gr,anarrakhi
cz,sobeslav
ca,nicolet
my,sungai petani
ph,bone
de,duderstadt
mn,moron
br,paracatu
at,grieskirchen
it,civitanova marche
jm,lucea
nl,borsele
na,omaruru
ph,gamu
ph,taytay
gh,techiman
cz,banov
ca,bridgetown
ph,san antonio
jp,onomichi
mu,providence
cz,ivancice
lv,karsava
in,padampur
jp,toyoshina
br,sento se
hu,kecsked
co,andes
gr,akrata
ph,bantogon
de,steinheim
bg,letnica
ph,tinawagan
pt,lourinha
de,uelzen
ph,balangiga
ca,saint-anselme
kg,tokmak
fr,rueil-malmaison
es,san bartolome de tirajana
br,guaramirim
br,pau dos ferros
br,japaratuba
pt,quinta do anjo
co,labateca
no,hillestad
my,kuala sungai baru
il,qiryat ono
ph,tumarbong
ee,rummu
mx,ozuluama
jp,kamo
gr,molaoi
pa,guarumal
id,boyolangu
gb,stoke-on-trent
ph,sinubung
ca,saskatoon
nz,otorohanga
be,hensies
ph,buguias
no,hell
mx,buenavista
cz,sobeslav
jp,izumo
in,betul bazar
ca,palmerston
in,alawalpur
in,mohan
ph,busdi
br,mogeiro
cn,honggang
nl,rhenen
de,haiger
it,novi ligure
fr,villefranche-de-rouergue
in,nagamangala
gr,iraklia
pt,braga
ca,truro
ca,maskinonge
be,maaseik
co,fredonia
br,itirapina
ph,dumingag
au,traralgon
pt,portimao
in,sindgi
jp,iwanuma
br,fonte boa
mx,benito juarez
do,cabral
jp,shiki
pe,acari
ie,tuam
lu,breinert
mx,rafael delgado
gr,stamna
cz,jilemnice
gb,crosby
in,sironj
mm,yamethin
hn,la ermita
co,pueblo rico
it,ozieri
ph,naghalin
ch,munchenbuchsee
in,nawa
co,san vicente
pl,krzeszowice
br,barreiras
bg,dve mogili
mz,nampula
in,manor
mt,san pawl il-bahar
ph,inabaan
in,dabhoi
jp,tondabayashi
ph,casay
fi,oulu
in,limbdi
ph,pili
hn,santa rosa de aguan
hn,lepaera
kn,cotton ground
it,pianezza
nc,fayaoue
co,sucre
ar,san lorenzo
lu,bastendorf
ph,paatan
lu,gostingen
lu,oberwampach
be,kontich
de,unna
cn,xinpu
it,carbonera
cz,dobris
ec,guano
ph,macarthur
id,metro
it,carmignano
no,oyslebo
ca,lloydminster
ge,signagi
in,nizamabad
in,ayyampettai
it,marsciano
ph,mabini
in,chomun
br,tres lagoas
pk,kamra
ph,tibiao
br,bastos
br,clevelandia
it,fossano
mx,zaragoza
pe,el alto
ph,tuburan
np,kathmandu
lv,akniste
jp,mizunami
de,raunheim
fr,villiers-le-bel
gb,newtownards
in,honavar
mg,antalaha
an,soto
dk,dragor
ph,alegria
in,annur
de,wadgassen
pa,anton
gr,mouzakion
de,leopoldshohe
hr,rab
br,afonso bezerra
ca,weyburn
it,arzachena
in,manmad
hu,zalalovo
de,neuenhagen
pt,tavarede
ph,sambulawan
it,dalmine
es,fuente palmera
gb,crieff
in,punjai puliyampatti
ph,cabugao
ph,san miguel
mx,chichicapam
it,fiesole
jp,matsuura
ca,parkhill
cz,jirikov
pt,barcelos
co,susacon
ph,bilad
br,ribeirao
mu,baie du tombeau
mx,juxtlahuaca
mx,mochicahui
ar,chivilcoy
fr,meru
ir,ardistan
fr,privas
no,fetsund
de,hersbruck
fo,lambi
mx,tulcingo
ni,bluefields
in,sidhauli
ph,jiabong
hu,almasfuzito
ba,ilici
ph,east migpulao
ph,san sebastian
ph,pinan
pt,gafanha da encarnacao
mx,totolapa
ph,liciada
fr,metz
br,paulinia
ph,talisayan
cz,jablonne v podjestedi
ee,mustjala
hn,alubaren
mx,miahuatlan
mx,san felipe del progreso
hu,sarvar
cm,yabassi
in,gajendragarh
in,nandigama
fr,valbonne
mx,tecolutilla
fr,villefranche-de-rouergue
ee,kollino
dk,tune
au,gunnedah
ph,nalvo
fr,villefranche-de-rouergue
es,tomino
in,surendranagar
de,ennigerloh
jp,mihara
in,sachin
be,meerhout
in,vedaranniyam
mx,san jeronimo
hn,san francisco de yojoa
de,ludwigsfelde
de,kunzell
pe,punta de bombon
gt,guastatoya
es,ciudad real
cz,ceska lipa
ee,kopu
ni,corn island
gb,helensburgh
in,kalamnuri
ir,takestan
ph,dolores
ph,banog
ph,antipolo
ph,san benito
in,bithur
in,mahur
cz,odolena voda
gr,nestorion
ba,potoci
pa,la espigadilla
ph,san juan
nl,borne
cd,lusambo
gb,west bridgeford
my,sabak
gt,colomba
au,dubbo
ca,port elgin
bg,saedinenie
id,gempol
pt,oia
gr,kalos agros
ph,alangilan
lu,hosingen
gr,kainouryion
ph,uyong
br,nova soure
ec,atuntaqui
in,kesinga
de,krumbach
ph,san rafael
gr,koila
fr,fos-sur-mer
ge,borjomi
ch,domat
hu,hodmezovasarhely
hn,ostuman
pl,rogozno
in,jamui
hu,hernadnemeti
cr,aserri
gr,filotas
au,ulverstone
ng,abeokuta
ph,parang
ee,laeva
at,bad aussee
ph,javier
be,neerpelt
ly,awbari
es,leon
br,nova soure
ph,pura
fr,pont-sainte-maxence
ph,isugod
ie,athlone
gr,kirra
no,royrvik
ec,palestina
cl,angol
be,herenthout
ca,farnham
br,ipixuna
ph,bilad
cl,lota
es,plasencia
cd,tshela
gr,palaikastron
no,byglandsfjord
es,elda
in,bijawar
at,kuchl
hu,nyirgyulaj
de,bargteheide
az,mugan
bo,san ramon
mx,pedernales
de,bretzfeld
hu,forro
ke,kandara
ph,busdi
gb,stockton-on-tees
lu,fentange
ba,dubravica
br,sao joao del rei
ph,abuyog
hn,lepaera
fi,tampere
id,semarang
ao,caala
nl,bergen
fr,mennecy
be,veurne
mx,tinguindin
ph,barra
it,amantea
hn,esparta
hn,el rancho
jp,usuki
in,ashta
in,sagar
mx,juxtlahuaca
br,boa esperanca
ir,mashhad
ee,luganuse
br,jeronimo monteiro
ph,santo rosario
ph,calbayog
cn,huilong
ph,palangue
fr,merville
in,baloda
in,pachmarhi
ch,thun
in,khatauli
de,oschatz
no,eikeland
fr,miramas
de,rutesheim
dk,haslev
it,canelli
ph,salvacion
it,carpenedolo
ph,matlang
no,hauge
mx,pueblo nuevo
mx,melchor ocampo
gr,neon karlovasion
de,schmelz
ph,bayabas
ml,kati
at,sankt veit
de,neuss
ca,ayr
mk,dolneni
ph,la paz
br,taubate
ph,tumalim
ph,san isidro
pl,slubice
br,sao joaquim de bicas
mx,tapachula
hu,tompa
cn,nandu
co,chaparral
co,villagomez
id,kasihan
gb,tyldesley
it,san severo
co,san cristobal
mx,chiltepec
id,pandak
it,domodossola
cz,trojanovice
be,grez-doiceau
fo,kirkjubour
ph,santo tomas
hn,meambar
ph,san gabriel
br,araripe
ir,sarab
ph,loreto
gr,krionerion
mg,ihosy
mx,adolfo ruiz cortines
ch,rothrist
jp,kanonji
id,jaten
co,labateca
ch,kussnacht
ec,sucua
lu,holzem
ph,linabuan sur
bg,debelec
fr,saint-etienne
gr,messini
it,novate milanese
br,lagarto
cz,steti
gr,vasiliai
lu,gonderange
hu,godre
pe,chosica
br,viana
de,solingen
ph,pawa
gr,pteleos
mx,jalacingo
hu,saly
ba,sanski most
co,san zenon
ee,esku
dk,svinninge
cr,san rafael
br,sao jose da laje
ph,san nicolas
cn,tianjin
dk,svinninge
mx,tonaya
br,sao gabriel da cachoeira
nl,winterswijk
de,wehr
in,itaunja
ph,bulacnin
de,elsterwerda
no,uthaug
by,orsha
br,cacoal
mk,ohrid
in,jintur
kz,serebryansk
am,sevan
gr,khimarros
am,tsiatsan
de,kalkar
fi,rovaniemi
de,nienburg
cn,huaibei
fr,miramas
ma,tarudant
ph,llanera
gb,dumbarton
br,itaperucu
am,aygeshat
ca,grand bank
my,bintulu
cz,nova vcelnice
in,jaysingpur
es,san roque
no,kristiansund
in,kasaragod
gr,sitia
au,wangaratta
cz,holice
de,markdorf
ph,acao
fr,grigny
ph,cawayan
in,nandigama
ph,tobuan
ch,affoltern
ki,temaraia
ph,asia
co,pamplona
lu,marnach
gr,mesimerion
gb,lhanbryde
gb,portree
cn,karamay
in,chakradharpur
in,auraiya
fr,saint-herblain
an,westpunt
cu,baragua
jp,shinjo
pl,zary
ng,abonnema
mx,ocuituco
gr,neos skopos
ph,tunga
cz,policka
lu,fouhren
co,achi
co,restrepo
ph,mangaldan
ca,rivers
de,kurten
in,delvada
mx,celestun
no,vik
cn,dandong
ph,solano
in,sehore
nu,lakepa
ph,san vicente
mx,acazulco
nl,vlissingen
cm,eseka
cn,sujiatun
in,behat
ht,jacmel
ng,jimeta
my,paka
gb,northampton
br,canela
bg,malko tarnovo
mx,maxcanu
ca,salisbury
pe,puerto maldonado
jm,portmore
hn,copan
br,alagoa nova
gb,queensferry
mx,zitlala
id,lebaksiu
co,quinchia
gb,leigh
gt,san andres xecul
hu,halaszi
gb,cardross
fi,salo
ba,ostra luka
be,awans
ph,tangnan
in,mehnagar
in,ullal
ee,lohkva
mx,banon
gl,ukkusissat
gr,kiriakion
ee,marjamaa
bd,bhairab bazar
in,gohand
at,furstenfeld
ca,sussex
pl,sulejowek
mx,san felipe
ca,athabasca
mx,vista hermosa
gr,anoyia
ni,camoapa
cz,lanskroun
cz,stepanov
es,lleida
jp,umi
it,padova
pl,chelmno
cz,kamenice
ee,lohusuu
ph,casay
pt,tavarede
es,cartagena
in,karanja
jp,okaya
ph,san jose malino
ph,malidong
in,burhar
ph,tanza
hu,koka
ph,tagnanan
is,litli-arskogssandur
cn,daliang
br,jequie
co,turbaco
lu,olingen
in,malihabad
no,flateby
ph,balagtasin
ca,blackfalds
id,kediri
pe,sicuani
mx,chichimila
be,bastogne
in,nautanwa
ph,legaspi
mx,linares
fr,vertou
jo,tibnah
mx,bucerias
br,uruana
gr,rethimnon
gr,aiyira
br,alem paraiba
ph,digkilaan
ca,oshawa
jp,taketa
de,wegberg
mx,yachihuacaltepec
pa,ola
be,zoutleeuw
br,ribas do rio pardo
it,formigine
ph,panikian
cn,hulan ergi
hu,csanadapaca
gt,san marcos
ca,laurentides
br,mucurici
br,conchas
de,ingelheim
jp,iwata
am,zangakatun
lv,daugavpils
br,itapira
ph,guintubhan
al,lushnje
it,riesi
pa,el silencio
cn,zaozhuang
pl,deblin
in,parole
mx,alvarado
gl,saarloq
fr,allauch
br,novo horizonte
bg,kaspican
de,iserlohn
mx,tecalco
co,fonseca
in,kalaikunda
mt,siggiewi
gb,burnley
at,radstadt
in,kalanwali
co,segovia
pl,zabrze
br,maracana
br,manaquiri
pl,busko-zdroj
in,amroli
hn,concepcion de guasistagua
ba,odzak
co,tuta
de,adendorf
na,arandis
hu,sarszentmihaly
in,fatwa
br,sao goncalo do amarante
ph,joson
it,bacoli
cz,jilove
in,bakani
pl,pinczow
ph,tanglad
nl,aalten
cz,novy bydzov
jp,sasayama
gq,ebebiyin
in,bhikhi
gt,san cristobal verapaz
ge,gali
de,melle
fr,rennes
lu,hagen
cn,jinsha
be,liege
pa,el espino
ph,malanday
cr,san rafael abajo
in,lanja
co,majagual
be,diksmuide
in,parasia
gt,ciudad vieja
br,santa barbara
it,monte di procida
ca,kensington
pt,gafanha da nazare
ca,davidson
pa,el coco
cn,yunjinghong
lu,pontpierre
az,qala
ba,stijena
au,hobart
mt,dingli
bg,provadija
ph,san vicente
hu,ostoros
be,boom
ph,manikling
at,ebbs
de,rheda-wiedenbruck
am,hrazdan
pg,kainantu
be,doische
mx,el arenal
ph,san mateo
hn,cucuyagua
bg,godec
no,myre
do,villa altagracia
mz,chokwe
ca,fort saint john
de,bad driburg
fr,vichy
at,heidenreichstein
es,denia
id,bantul
it,turin
ke,kangundo
ee,koonga
de,grenzach-wyhlen
cn,ninghai
hn,san diego
pt,alhadas
hu,csaszartoltes
pt,quarteira
in,narsimhapur
